{
  "timestamp": "2025-10-27T15:04:02.473676",
  "traditional_results": {
    "recovery_time_days": 2.0,
    "service_level_percent": 90.69004099885001,
    "average_cost_usd": 129069.29676918752,
    "supplier_reliability_percent": 90.69004099885001,
    "adaptation_capability_percent": 58.5,
    "success_rate_percent": 100.0,
    "episodes_processed": 400,
    "successful_episodes": 400
  },
  "crl_results": {
    "recovery_time_days": 2.764448673326247,
    "service_level_percent": 92.43729591245,
    "average_cost_usd": 80610.90998958104,
    "supplier_reliability_percent": 90.51332360149999,
    "adaptation_capability_percent": 59.25,
    "success_rate_percent": 100.0,
    "episodes_processed": 400,
    "successful_episodes": 400
  },
  "improvements": {
    "recovery_time_days": -38.22243366631235,
    "service_level_percent": 1.9266226967767544,
    "average_cost_usd": 37.54447261478756,
    "supplier_reliability_percent": -0.19485865857339135,
    "adaptation_capability_percent": 1.282051282051282
  },
  "summary": {
    "cost_reduction_percent": 37.54447261478756,
    "service_improvement_percent": 1.9266226967767544,
    "recovery_speed_improvement_percent": -38.22243366631235,
    "reliability_improvement_percent": -0.19485865857339135,
    "adaptation_improvement_percent": 1.282051282051282
  }
}