{
  "timestamp": "2025-10-27T15:27:12.617158",
  "traditional_results": {
    "recovery_time_days": 2.0,
    "service_level_percent": 90.69004099885001,
    "average_cost_usd": 129069.29676918752,
    "supplier_reliability_percent": 90.69004099885001,
    "adaptation_capability_percent": 58.5,
    "success_rate_percent": 100.0,
    "episodes_processed": 400,
    "successful_episodes": 400
  },
  "crl_results": {
    "recovery_time_days": 2.8002703708662495,
    "service_level_percent": 95.8725928694,
    "average_cost_usd": 79164.10380306095,
    "supplier_reliability_percent": 93.03211522174999,
    "adaptation_capability_percent": 55.75,
    "success_rate_percent": 100.0,
    "episodes_processed": 400,
    "successful_episodes": 400
  },
  "improvements": {
    "recovery_time_days": -40.01351854331248,
    "service_level_percent": 5.714576610033403,
    "average_cost_usd": 38.665425639818274,
    "supplier_reliability_percent": 2.5825043159145555,
    "adaptation_capability_percent": -4.700854700854701
  },
  "summary": {
    "cost_reduction_percent": 38.665425639818274,
    "service_improvement_percent": 5.714576610033403,
    "recovery_speed_improvement_percent": -40.01351854331248,
    "reliability_improvement_percent": 2.5825043159145555,
    "adaptation_improvement_percent": -4.700854700854701
  }
}