{
  "comparison_data": {
    "agent": {
      "0": "crl_agent",
      "1": "deterministic",
      "2": "pure_rl",
      "3": "causal_heuristic"
    },
    "episode": {
      "0": 0,
      "1": 0,
      "2": 0,
      "3": 0
    },
    "disruption_type": {
      "0": "none",
      "1": "none",
      "2": "none",
      "3": "none"
    },
    "recovery_time": {
      "0": 4.0,
      "1": 2.0,
      "2": 18.0,
      "3": 1.0
    },
    "service_level_stability": {
      "0": 0.0032001708168536425,
      "1": 0.0029757674783468246,
      "2": 0.002614464843645692,
      "3": 0.003435874357819557
    },
    "cost_variance": {
      "0": -0.053227658692549085,
      "1": -0.19725304478431374,
      "2": 0.07981223112980397,
      "3": 0.09772271946058829
    },
    "supplier_reliability_index": {
      "0": 0.9255042684078216,
      "1": 0.8763350856304168,
      "2": 0.8288328063488006,
      "3": 0.8614410471916198
    },
    "inventory_turnover_ratio": {
      "0": 8322.5361328125,
      "1": 7732.44091796875,
      "2": 9500.232421875,
      "3": 8552.8369140625
    },
    "disruption_impact_index": {
      "0": 0.1974275414262356,
      "1": 0.14807653427124023,
      "2": 0.24905660155341497,
      "3": 0.25050466523550974
    },
    "resilience_index": {
      "0": 1.0098227397263113,
      "1": 1.0886855308919183,
      "2": 0.9851253552924225,
      "3": 0.9800740406421677
    },
    "digital_responsiveness_score": {
      "0": 0.0,
      "1": 0.0,
      "2": 0.0,
      "3": 0.0
    },
    "managerial_interpretability_score": {
      "0": 4.3999999999999995,
      "1": 4.3999999999999995,
      "2": 4.3999999999999995,
      "3": 4.3999999999999995
    },
    "carbon_resilience_metric": {
      "0": 0.42399999999999993,
      "1": 0.8999999999999997,
      "2": 0.3960000000000001,
      "3": 0.19999999999999993
    }
  },
  "summary_statistics": {